Campaign,Ad group,Keyword,Match type,Final URL,Status
WMF - Formula Specific Search - $15 Test,AG08 - Formula Fixer,fix my excel formula,Phrase,https://writemyformula.com/excel-formula-fixer/?utm_source=google_ads&utm_campaign=formula_specific_test&utm_content=formula_fixer_broadened,Enabled
WMF - Formula Specific Search - $15 Test,AG08 - Formula Fixer,fix my excel formula,Broad,https://writemyformula.com/excel-formula-fixer/?utm_source=google_ads&utm_campaign=formula_specific_test&utm_content=formula_fixer_broadened,Enabled
WMF - Formula Specific Search - $15 Test,AG08 - Formula Fixer,fix excel formula,Phrase,https://writemyformula.com/excel-formula-fixer/?utm_source=google_ads&utm_campaign=formula_specific_test&utm_content=formula_fixer_broadened,Enabled
WMF - Formula Specific Search - $15 Test,AG08 - Formula Fixer,fix excel formula,Broad,https://writemyformula.com/excel-formula-fixer/?utm_source=google_ads&utm_campaign=formula_specific_test&utm_content=formula_fixer_broadened,Enabled
WMF - Formula Specific Search - $15 Test,AG08 - Formula Fixer,excel formula not working,Phrase,https://writemyformula.com/excel-formula-fixer/?utm_source=google_ads&utm_campaign=formula_specific_test&utm_content=formula_fixer_broadened,Enabled
WMF - Formula Specific Search - $15 Test,AG08 - Formula Fixer,excel formula not working,Broad,https://writemyformula.com/excel-formula-fixer/?utm_source=google_ads&utm_campaign=formula_specific_test&utm_content=formula_fixer_broadened,Enabled
WMF - Formula Specific Search - $15 Test,AG08 - Formula Fixer,formula not working in excel,Phrase,https://writemyformula.com/excel-formula-fixer/?utm_source=google_ads&utm_campaign=formula_specific_test&utm_content=formula_fixer_broadened,Enabled
WMF - Formula Specific Search - $15 Test,AG08 - Formula Fixer,formula not working in excel,Broad,https://writemyformula.com/excel-formula-fixer/?utm_source=google_ads&utm_campaign=formula_specific_test&utm_content=formula_fixer_broadened,Enabled
WMF - Formula Specific Search - $15 Test,AG08 - Formula Fixer,excel formula error,Phrase,https://writemyformula.com/excel-formula-fixer/?utm_source=google_ads&utm_campaign=formula_specific_test&utm_content=formula_fixer_broadened,Enabled
WMF - Formula Specific Search - $15 Test,AG08 - Formula Fixer,excel formula error,Broad,https://writemyformula.com/excel-formula-fixer/?utm_source=google_ads&utm_campaign=formula_specific_test&utm_content=formula_fixer_broadened,Enabled
WMF - Formula Specific Search - $15 Test,AG08 - Formula Fixer,excel formula not calculating,Phrase,https://writemyformula.com/excel-formula-fixer/?utm_source=google_ads&utm_campaign=formula_specific_test&utm_content=formula_fixer_broadened,Enabled
WMF - Formula Specific Search - $15 Test,AG08 - Formula Fixer,excel formula not calculating,Broad,https://writemyformula.com/excel-formula-fixer/?utm_source=google_ads&utm_campaign=formula_specific_test&utm_content=formula_fixer_broadened,Enabled
WMF - Formula Specific Search - $15 Test,AG08 - Formula Fixer,excel formula not showing result,Phrase,https://writemyformula.com/excel-formula-not-showing-result/?utm_source=google_ads&utm_campaign=formula_specific_test&utm_content=not_showing_result_broadened,Enabled
WMF - Formula Specific Search - $15 Test,AG08 - Formula Fixer,excel formula not showing result,Broad,https://writemyformula.com/excel-formula-not-showing-result/?utm_source=google_ads&utm_campaign=formula_specific_test&utm_content=not_showing_result_broadened,Enabled
WMF - Formula Specific Search - $15 Test,AG08 - Formula Fixer,fix google sheets formula,Phrase,https://writemyformula.com/google-sheets-formula-generator/?utm_source=google_ads&utm_campaign=formula_specific_test&utm_content=sheets_formula_fix_broadened,Enabled
WMF - Formula Specific Search - $15 Test,AG08 - Formula Fixer,fix google sheets formula,Broad,https://writemyformula.com/google-sheets-formula-generator/?utm_source=google_ads&utm_campaign=formula_specific_test&utm_content=sheets_formula_fix_broadened,Enabled
WMF - Formula Specific Search - $15 Test,AG08 - Formula Fixer,google sheets formula not working,Phrase,https://writemyformula.com/google-sheets-formula-generator/?utm_source=google_ads&utm_campaign=formula_specific_test&utm_content=sheets_formula_fix_broadened,Enabled
WMF - Formula Specific Search - $15 Test,AG08 - Formula Fixer,google sheets formula not working,Broad,https://writemyformula.com/google-sheets-formula-generator/?utm_source=google_ads&utm_campaign=formula_specific_test&utm_content=sheets_formula_fix_broadened,Enabled
WMF - Formula Specific Search - $15 Test,AG08 - Formula Fixer,spreadsheet formula help,Phrase,https://writemyformula.com/excel-formula-fixer/?utm_source=google_ads&utm_campaign=formula_specific_test&utm_content=formula_fixer_broadened,Enabled
WMF - Formula Specific Search - $15 Test,AG08 - Formula Fixer,spreadsheet formula help,Broad,https://writemyformula.com/excel-formula-fixer/?utm_source=google_ads&utm_campaign=formula_specific_test&utm_content=formula_fixer_broadened,Enabled
WMF - Formula Specific Search - $15 Test,AG06 - Conditional Formatting,formula for conditional formatting,Phrase,https://writemyformula.com/conditional-formatting-formula-generator/?utm_source=google_ads&utm_campaign=formula_specific_test&utm_content=conditional_formatting_broadened,Enabled
WMF - Formula Specific Search - $15 Test,AG06 - Conditional Formatting,formula for conditional formatting,Broad,https://writemyformula.com/conditional-formatting-formula-generator/?utm_source=google_ads&utm_campaign=formula_specific_test&utm_content=conditional_formatting_broadened,Enabled
WMF - Formula Specific Search - $15 Test,AG06 - Conditional Formatting,conditional formatting formula,Phrase,https://writemyformula.com/conditional-formatting-formula-generator/?utm_source=google_ads&utm_campaign=formula_specific_test&utm_content=conditional_formatting_broadened,Enabled
WMF - Formula Specific Search - $15 Test,AG06 - Conditional Formatting,conditional formatting formula,Broad,https://writemyformula.com/conditional-formatting-formula-generator/?utm_source=google_ads&utm_campaign=formula_specific_test&utm_content=conditional_formatting_broadened,Enabled
WMF - Formula Specific Search - $15 Test,AG06 - Conditional Formatting,custom formula conditional formatting,Phrase,https://writemyformula.com/conditional-formatting-formula-generator/?utm_source=google_ads&utm_campaign=formula_specific_test&utm_content=conditional_formatting_broadened,Enabled
WMF - Formula Specific Search - $15 Test,AG06 - Conditional Formatting,custom formula conditional formatting,Broad,https://writemyformula.com/conditional-formatting-formula-generator/?utm_source=google_ads&utm_campaign=formula_specific_test&utm_content=conditional_formatting_broadened,Enabled
WMF - Formula Specific Search - $15 Test,AG06 - Conditional Formatting,excel conditional formatting formula,Phrase,https://writemyformula.com/conditional-formatting-formula-generator/?utm_source=google_ads&utm_campaign=formula_specific_test&utm_content=conditional_formatting_broadened,Enabled
WMF - Formula Specific Search - $15 Test,AG06 - Conditional Formatting,excel conditional formatting formula,Broad,https://writemyformula.com/conditional-formatting-formula-generator/?utm_source=google_ads&utm_campaign=formula_specific_test&utm_content=conditional_formatting_broadened,Enabled
WMF - Formula Specific Search - $15 Test,AG06 - Conditional Formatting,google sheets conditional formatting formula,Phrase,https://writemyformula.com/google-sheets-conditional-format-custom-formula/?utm_source=google_ads&utm_campaign=formula_specific_test&utm_content=sheets_conditional_format_broadened,Enabled
WMF - Formula Specific Search - $15 Test,AG06 - Conditional Formatting,google sheets conditional formatting formula,Broad,https://writemyformula.com/google-sheets-conditional-format-custom-formula/?utm_source=google_ads&utm_campaign=formula_specific_test&utm_content=sheets_conditional_format_broadened,Enabled
WMF - Formula Specific Search - $15 Test,AG06 - Conditional Formatting,google sheets custom formula conditional formatting,Phrase,https://writemyformula.com/google-sheets-conditional-format-custom-formula/?utm_source=google_ads&utm_campaign=formula_specific_test&utm_content=sheets_conditional_format_broadened,Enabled
WMF - Formula Specific Search - $15 Test,AG06 - Conditional Formatting,google sheets custom formula conditional formatting,Broad,https://writemyformula.com/google-sheets-conditional-format-custom-formula/?utm_source=google_ads&utm_campaign=formula_specific_test&utm_content=sheets_conditional_format_broadened,Enabled
WMF - Formula Specific Search - $15 Test,AG07 - Data Validation,excel data validation formula,Phrase,https://writemyformula.com/data-validation-formula-generator/?utm_source=google_ads&utm_campaign=formula_specific_test&utm_content=data_validation_broadened,Enabled
WMF - Formula Specific Search - $15 Test,AG07 - Data Validation,excel data validation formula,Broad,https://writemyformula.com/data-validation-formula-generator/?utm_source=google_ads&utm_campaign=formula_specific_test&utm_content=data_validation_broadened,Enabled
WMF - Formula Specific Search - $15 Test,AG07 - Data Validation,data validation formula,Phrase,https://writemyformula.com/data-validation-formula-generator/?utm_source=google_ads&utm_campaign=formula_specific_test&utm_content=data_validation_broadened,Enabled
WMF - Formula Specific Search - $15 Test,AG07 - Data Validation,data validation formula,Broad,https://writemyformula.com/data-validation-formula-generator/?utm_source=google_ads&utm_campaign=formula_specific_test&utm_content=data_validation_broadened,Enabled
WMF - Formula Specific Search - $15 Test,AG07 - Data Validation,custom data validation formula,Phrase,https://writemyformula.com/data-validation-formula-generator/?utm_source=google_ads&utm_campaign=formula_specific_test&utm_content=data_validation_broadened,Enabled
WMF - Formula Specific Search - $15 Test,AG07 - Data Validation,custom data validation formula,Broad,https://writemyformula.com/data-validation-formula-generator/?utm_source=google_ads&utm_campaign=formula_specific_test&utm_content=data_validation_broadened,Enabled
WMF - Formula Specific Search - $15 Test,AG07 - Data Validation,google sheets data validation formula,Phrase,https://writemyformula.com/data-validation-formula-generator/?utm_source=google_ads&utm_campaign=formula_specific_test&utm_content=data_validation_broadened,Enabled
WMF - Formula Specific Search - $15 Test,AG07 - Data Validation,google sheets data validation formula,Broad,https://writemyformula.com/data-validation-formula-generator/?utm_source=google_ads&utm_campaign=formula_specific_test&utm_content=data_validation_broadened,Enabled
WMF - Formula Specific Search - $15 Test,AG07 - Data Validation,data validation custom formula,Phrase,https://writemyformula.com/data-validation-formula-generator/?utm_source=google_ads&utm_campaign=formula_specific_test&utm_content=data_validation_broadened,Enabled
WMF - Formula Specific Search - $15 Test,AG07 - Data Validation,data validation custom formula,Broad,https://writemyformula.com/data-validation-formula-generator/?utm_source=google_ads&utm_campaign=formula_specific_test&utm_content=data_validation_broadened,Enabled
WMF - Formula Specific Search - $15 Test,AG09 - Excel Formula Help,excel formula help,Phrase,https://writemyformula.com/excel-formula-generator/?utm_source=google_ads&utm_campaign=formula_specific_test&utm_content=excel_formula_help,Enabled
WMF - Formula Specific Search - $15 Test,AG09 - Excel Formula Help,excel formula help,Broad,https://writemyformula.com/excel-formula-generator/?utm_source=google_ads&utm_campaign=formula_specific_test&utm_content=excel_formula_help,Enabled
WMF - Formula Specific Search - $15 Test,AG09 - Excel Formula Help,help with excel formula,Phrase,https://writemyformula.com/excel-formula-generator/?utm_source=google_ads&utm_campaign=formula_specific_test&utm_content=excel_formula_help,Enabled
WMF - Formula Specific Search - $15 Test,AG09 - Excel Formula Help,help with excel formula,Broad,https://writemyformula.com/excel-formula-generator/?utm_source=google_ads&utm_campaign=formula_specific_test&utm_content=excel_formula_help,Enabled
WMF - Formula Specific Search - $15 Test,AG09 - Excel Formula Help,write excel formula,Phrase,https://writemyformula.com/excel-formula-generator/?utm_source=google_ads&utm_campaign=formula_specific_test&utm_content=excel_formula_help,Enabled
WMF - Formula Specific Search - $15 Test,AG09 - Excel Formula Help,write excel formula,Broad,https://writemyformula.com/excel-formula-generator/?utm_source=google_ads&utm_campaign=formula_specific_test&utm_content=excel_formula_help,Enabled
WMF - Formula Specific Search - $15 Test,AG09 - Excel Formula Help,create excel formula,Phrase,https://writemyformula.com/excel-formula-generator/?utm_source=google_ads&utm_campaign=formula_specific_test&utm_content=excel_formula_help,Enabled
WMF - Formula Specific Search - $15 Test,AG09 - Excel Formula Help,create excel formula,Broad,https://writemyformula.com/excel-formula-generator/?utm_source=google_ads&utm_campaign=formula_specific_test&utm_content=excel_formula_help,Enabled
WMF - Formula Specific Search - $15 Test,AG09 - Excel Formula Help,excel formula generator,Phrase,https://writemyformula.com/excel-formula-generator/?utm_source=google_ads&utm_campaign=formula_specific_test&utm_content=excel_formula_help,Enabled
WMF - Formula Specific Search - $15 Test,AG09 - Excel Formula Help,excel formula generator,Broad,https://writemyformula.com/excel-formula-generator/?utm_source=google_ads&utm_campaign=formula_specific_test&utm_content=excel_formula_help,Enabled
WMF - Formula Specific Search - $15 Test,AG09 - Excel Formula Help,excel formula from text,Phrase,https://writemyformula.com/excel-formula-generator/?utm_source=google_ads&utm_campaign=formula_specific_test&utm_content=excel_formula_help,Enabled
WMF - Formula Specific Search - $15 Test,AG09 - Excel Formula Help,excel formula from text,Broad,https://writemyformula.com/excel-formula-generator/?utm_source=google_ads&utm_campaign=formula_specific_test&utm_content=excel_formula_help,Enabled
WMF - Formula Specific Search - $15 Test,AG10 - Google Sheets Formula Help,google sheets formula help,Phrase,https://writemyformula.com/google-sheets-formula-generator/?utm_source=google_ads&utm_campaign=formula_specific_test&utm_content=sheets_formula_help,Enabled
WMF - Formula Specific Search - $15 Test,AG10 - Google Sheets Formula Help,google sheets formula help,Broad,https://writemyformula.com/google-sheets-formula-generator/?utm_source=google_ads&utm_campaign=formula_specific_test&utm_content=sheets_formula_help,Enabled
WMF - Formula Specific Search - $15 Test,AG10 - Google Sheets Formula Help,help with google sheets formula,Phrase,https://writemyformula.com/google-sheets-formula-generator/?utm_source=google_ads&utm_campaign=formula_specific_test&utm_content=sheets_formula_help,Enabled
WMF - Formula Specific Search - $15 Test,AG10 - Google Sheets Formula Help,help with google sheets formula,Broad,https://writemyformula.com/google-sheets-formula-generator/?utm_source=google_ads&utm_campaign=formula_specific_test&utm_content=sheets_formula_help,Enabled
WMF - Formula Specific Search - $15 Test,AG10 - Google Sheets Formula Help,fix google sheets formula,Phrase,https://writemyformula.com/google-sheets-formula-generator/?utm_source=google_ads&utm_campaign=formula_specific_test&utm_content=sheets_formula_help,Enabled
WMF - Formula Specific Search - $15 Test,AG10 - Google Sheets Formula Help,fix google sheets formula,Broad,https://writemyformula.com/google-sheets-formula-generator/?utm_source=google_ads&utm_campaign=formula_specific_test&utm_content=sheets_formula_help,Enabled
WMF - Formula Specific Search - $15 Test,AG10 - Google Sheets Formula Help,write google sheets formula,Phrase,https://writemyformula.com/google-sheets-formula-generator/?utm_source=google_ads&utm_campaign=formula_specific_test&utm_content=sheets_formula_help,Enabled
WMF - Formula Specific Search - $15 Test,AG10 - Google Sheets Formula Help,write google sheets formula,Broad,https://writemyformula.com/google-sheets-formula-generator/?utm_source=google_ads&utm_campaign=formula_specific_test&utm_content=sheets_formula_help,Enabled
WMF - Formula Specific Search - $15 Test,AG10 - Google Sheets Formula Help,google sheets formula generator,Phrase,https://writemyformula.com/google-sheets-formula-generator/?utm_source=google_ads&utm_campaign=formula_specific_test&utm_content=sheets_formula_help,Enabled
WMF - Formula Specific Search - $15 Test,AG10 - Google Sheets Formula Help,google sheets formula generator,Broad,https://writemyformula.com/google-sheets-formula-generator/?utm_source=google_ads&utm_campaign=formula_specific_test&utm_content=sheets_formula_help,Enabled
WMF - Formula Specific Search - $15 Test,AG10 - Google Sheets Formula Help,google sheets formula from text,Phrase,https://writemyformula.com/google-sheets-formula-generator/?utm_source=google_ads&utm_campaign=formula_specific_test&utm_content=sheets_formula_help,Enabled
WMF - Formula Specific Search - $15 Test,AG10 - Google Sheets Formula Help,google sheets formula from text,Broad,https://writemyformula.com/google-sheets-formula-generator/?utm_source=google_ads&utm_campaign=formula_specific_test&utm_content=sheets_formula_help,Enabled
